,tweet,predicted_class,predicted_label,actual_label
0,"@wilw you didn't make enough of a bl√≥t to Ullr (God of Hunting, Skiing, and I assume hockey).",non_ironic,0,0
1,@spen0007 I have the box set of The Complete Steptoe and Son.  That should cheer you up ,non_ironic,0,1
2,WOW Doutzen looks amazing after having a baby,verbal_irony_polarity_contrast,1,0
3,"@Nylons @quick13 @jamieyuccas @chadhartman it was an In progress list of ""MN of the year""",non_ironic,0,0
4,I feel she didn't love me :/ :( :( #im  #ok,verbal_irony_polarity_contrast,1,0
5,Lol! I m enjoying itüë≠ #Talks #Crazyness #SheNeverLeft  sleepy!! ‚ò∫,non_ironic,0,0
6,"Too late, thrown the #PS4 out of the window last night cus i couldn't play  http://t.co/L86S0O47Aq",non_ironic,0,3
7,Something to remember as I head to @AnnexBar tonight. #goodboy http://t.co/bf5EvIEbWU,non_ironic,0,0
8,@C_DLord @C_CWilson1 Lovely on Carnoustie beach this morning...| #soggybreeks,non_ironic,0,1
9,"burger king hacking (07/13 and 11/13) was the weirdest and funniest, definetely ",verbal_irony_polarity_contrast,1,1
10,#TortureReport trending; I wasn't aware J.K. Rowling released her new book. ,non_ironic,0,3
11,I liked a @YouTube video http://t.co/Jzuvo7lsxW NEW Chocolate Bar Palette Review | Semi Sweet vs. Original,non_ironic,0,0
12,Bitches be like ..... #more #appointments #please #not#crazy#enough .... YET @ orthodontist http://t.co/p7PycV1NMU,non_ironic,0,0
13,"@knotaprettygirl man, there is too much  in this tweet.",non_ironic,0,0
14,When someone with retrica wali picture complains about how many filters someone has used in their picture to look pretty..,non_ironic,0,2
15,"By @imjayded_ ""üî•üî•üî•@dipmag Gears up to release its next issueüîú 'Wifey Series' with #covermodels... http://t.co/DQrKfjmYvL",non_ironic,0,0
16,I'm officially on Twitter!### sure what to do after all these pound signs?!?!,non_ironic,0,0
17,@Jordanbrown_97 haha quite right mate! They coonty workers have got it aff easy Al tell ye! Oot here workin like a hamilton accie üë≥  üòÇüòÇ,non_ironic,0,1
18,"The last day of the year and I will be tweeting on my major highpoints of the year ...good, bad and ugly",non_ironic,0,0
19,Wow I feel so bad that you had to actually do your job as a teacher.  #stopcomplaing,verbal_irony_polarity_contrast,1,1
20,"@kevinperry Would be also great if David teamed up with his old man again at the Carols, similar to a few years back.#Greatdou in both cases",non_ironic,0,0
21,@goodgary99 @Neilby70 @ParkzTheDon @TonyBrown03 @GazTheGooner84 @LosDaGooner mmmm üòÇüòÇüòÇ,non_ironic,0,0
22,Wow I feel great ,verbal_irony_polarity_contrast,1,1
23,Like u go to Williamsville east ur parents hand u money but ur so much better than everyone else hahaha ,verbal_irony_polarity_contrast,1,1
24,I love putting up the Christmas tree with the fam‚ò∫Ô∏èüéÑ #christmastree,verbal_irony_polarity_contrast,1,0
25,Look behind you # Tara # Ella # Starbucks #mytopgirls @ The Omni Santry http://t.co/6fDS3kpjc7,non_ironic,0,0
26,"This is very likely to end well. More vaccines is exactly what we need -.- ||"" Health and Human Services... http://t.co/ZhlVxWihFl",non_ironic,0,1
27,@TheBodyShopUK I dont know what it is but I'm in love your products Christmas heaven! #love #skincare #beauty üëçüíöüõÄ. http://t.co/ROUQLlla1f,non_ironic,0,0
28,@jcpetit4 dusty as usualüîå #redbucket http://t.co/U8llvttn59,non_ironic,0,0
29,yet another rainy goshen concert night‚òîüéª #surprised ,non_ironic,0,1
30,@PotPolitics @foxnewspolitics Sent it but too slow. I had already posted.,non_ironic,0,0
31,@KarenLawford: Adding #traditional makes the statement #legit #justbecause ,non_ironic,0,1
32,"@icequeenerika yes, we officially try that.  #Gamergate",non_ironic,0,1
33,Christmas music on the stair master #SundayFunday ,non_ironic,0,1
34,": When some archers fight with ""supple"" bows the way hoplites fight with stiff spears. #Archer=#Hoplite #Bow=#Spear",non_ironic,0,2
35,Yay for early morning protestors!  #heavyamountsofsarcasm,non_ironic,0,1
36,@ParasiteCoD maybe you should grind the gym man #not #calling #you #fat,non_ironic,0,3
37,@lids4hats lids sucks officially! Will not use again good,non_ironic,0,0
38,@GalloSays this game is pathetic. How are they losing this game?,non_ironic,0,0
39,"I have a VERY limited number of press seats available for a Meet Me There screening in Austin on January 21. Hit me up, press types.",non_ironic,0,0
40,The Grinch Stole My Sanity http://t.co/ufecic7o0f via @Etsy #lol #fun #funny  http://t.co/vZanL412f0,non_ironic,0,1
41,I can already tell today is going to be a wonderful day ,verbal_irony_polarity_contrast,1,1
42,"#hannity says ""Obama has been indoctrinated into a rigid ideology."" ",non_ironic,0,2
43,#NYPD  üòüüòïüò¢üò™üòû not cute #NYPDMutiny I am sure the citizens feel real safe  you showed us who you are.,non_ironic,0,1
44,Nothing makes me happier then getting on the highway and seeing break lights light up like a Christmas tree.. ,non_ironic,0,1
45,I guess we're getting timed on who we can spend time with.,verbal_irony_polarity_contrast,1,0
46,Since when did train fare get so expensive?? Jesus! Might aswell of drove.... Shame I'm drinking ,non_ironic,0,1
47,Thank you for all your Retweets @jbboats #TopForm,non_ironic,0,0
48,"@melleegee it'll be ok, just get your TA to fix it!! ",non_ironic,0,1
49,@AntoniaZ @MontgomerySue @torontoist Awesome! And well deserved.,non_ironic,0,0
50,"if Christian expects Fifa to sleep in my bed with me tonight, he's wrong üëø",verbal_irony_polarity_contrast,1,0
51,"@davidwhite_ Nevermind that, but do pray tell,would Scherzy still play Grizabella?",non_ironic,0,0
52,My bed time stories are awesome  #theyllgiveyounightmares #ohwell #youaskedforit,non_ironic,0,1
53,@kemmerinB I'm gunna sit here and ,non_ironic,0,0
54,Responsibility = the ability to respond|To control yourself and be in charge of your life,non_ironic,0,0
55,@MaggieLindemann: . @xSamSecrets123 awk moment when I tweeted first #fakefan !!!!! ,non_ironic,0,3
56,Goodie bags for 2nd grade are done! #whatsnext?,non_ironic,0,0
57,@loveeallyy I literally do not know,non_ironic,0,0
58,I didn't realize Boston Coach also operated in Chicago #irony #brands,verbal_irony_polarity_contrast,1,2
59,"Contemplating responding to @charliejnwalker's tweet saying ""what remains of their pride"" but not sure how well that will go down ",non_ironic,0,3
60,Merry Christmas @Battlefield @leveluptime @dirtydeathdog @zachulon @covernode @YaraTwit @VisceralGames XD Thanks for making #BFHardline ^_^,non_ironic,0,0
61,@houselanguage Thanks for pirating my music! :D #not,non_ironic,0,1
62,Andrew Luck is some kind of QB... Wowzers. #INDvsCLE,non_ironic,0,0
63,"#HybridCloud needs hybrid monitoring... monitor Azure, plus apps and dbs, from SCOM https://t.co/uJRpzYnY8y",non_ironic,0,0
64,@oimagenta Just abt 2 say d same  :) I'm not sure whether Oxford Brookes Uni is part of Oxford Uni. yet his CV is impressive still!,non_ironic,0,2
65,I was watching birds fly during this photo. http://t.co/Mo7wd4RXav,non_ironic,0,0
66,@wakkatidus1234 They say #not #responsible and your #NotWorthIt to offer even $10 #discounts for the worst #customerservice I have ever had!,non_ironic,0,0
67,Saying No to Them is the first way you say yes to yourself. ,verbal_irony_polarity_contrast,1,3
68,Why the fuck is Twitter telling me to follow myself in following someone?! http://t.co/FC4GrBeFP5,non_ironic,0,0
69,This is what we called OTAK LETAK KAT LUTUT.|#melayu | http://t.co/wPCuJxXhtk,non_ironic,0,0
70,I give people a break 2 say that without my supporting cast that none of my works would of made it is tosh. Did nobody get #Extras ,non_ironic,0,3
71,Funny your the broken one now Im the only one who needed saving.|,non_ironic,0,3
72,I had the best New Years!!!! Spent it with the people I love & I fucking loved it! üòç Such a happy camper right now! üòùüíö‚ù§Ô∏è,verbal_irony_polarity_contrast,1,0
73,@bmw937 stoked...,non_ironic,0,1
74,"he was half of what she deserved, yet he was all that she ever wanted ,,,, ",non_ironic,0,2
75,Only thing missing now is a session at the gym... Want to do every body part though and CV!  #possible,non_ironic,0,0
76,Meh...i don't think I'm a suit person.|~ Neil Caffrey||#TvQuotes|#WhiteCollar,non_ironic,0,0
77,In case somebody breaks in our apartment üî™üòµ http://t.co/3IhKK7AY1o,non_ironic,0,0
78,"@Bobert8675 this made me think of you ""@TFLN: (330): I need vodka mixed w a bit of holy water right now""",non_ironic,0,0
79,"You're any moment, every second,|Every scent and every flower|As a girl.",non_ironic,0,0
80,"yup, amazing how that is, isnt it? @AcePraline @TheLexZane @Eppic_Barz",non_ironic,0,0
81,"#ECB #pondering #how #best #to #act,  #whether ...: ECB pondering how best to act, not whether ... Reuters ‚Äì 19... http://t.co/ve282x8yGy",non_ironic,0,0
82,@billisFPS you are sleeping? Wake up the next AC game has been leaked!!!!! #ACVictory http://t.co/oEyqK4fa0g,non_ironic,0,0
83,"Get on the work bus, driver turns his music on and the first song on is 'another day in paradise' #irony",non_ironic,0,2
84,Fuse blown in the media room! Too much hallway vacuuming. Chaos about to break loose. #CanCup ,non_ironic,0,1
85,"Honking at me whilst you drive past - so romantic, it makes me want to trace you through your number plate and be with you forever ",verbal_irony_polarity_contrast,1,1
86,Loving life. ,non_ironic,0,1
87,@DCsportsGrl @DragonflyJonez I believe we have n that's y we SUCK.,non_ironic,0,0
88,@MeraDharm @Swamy39 You do look a die hard fan of his ,non_ironic,0,1
89,@rrhhmmss @TimEchols1 @Penneeee I agree. You can see that from the videos and photos that were taken two hours after the shooting. ,non_ironic,0,3
90,FIND SXY LOV ON YOUR MOBILE >>> http://t.co/CsOsXXzZ6n!  #twink #engine #goldenkrust #greensmoothiegirl,non_ironic,0,0
91,"Final at 7am, I'm ready ",verbal_irony_polarity_contrast,1,1
92,Those were some great last minute substitutions @TomCrean ,non_ironic,0,1
93,I didn't know it's your territory I really. .. WHAT ARE YOU DOIN- no. . Please don't shoot at me I. .,non_ironic,0,0
94,I fell asleep posting my last post. ,non_ironic,0,2
95,Youve got to just love the efficiency @usps two-day service!  #7DayService #prioritymail #hahahaha http://t.co/oQsqUAo5a9,non_ironic,0,1
96,"http://t.co/hh5lziJCIl #GapeLand #Super-sweet Super-sweet Lilli is simply adorable with her all-leg,&#8230;",non_ironic,0,0
97,just exactly how I wanted to start my day!!!  #shitty,verbal_irony_polarity_contrast,1,1
98,Why is there evidence of a stripper in my house yet I see no stripper in my house üòëüíî http://t.co/2KjUs8rotA,non_ironic,0,0
99,"@PeterEgan6 The badger crusade continues.|""Gloucestershire badger patrols triggered by illegal trapping fears""|http://t.co/rF5aAmpC5n",non_ironic,0,0
100,Lol at the #EatenAlive show. if that's the name of the show gotta do it not quit cause the snake was hurting his arm. #goodtv  #garbage,non_ironic,0,1
101,"@goodgary99 Good yeah its been good.. Feel tired my self, bed soon üò¥üò¥ x",non_ironic,0,0
102,#PTIUKGoNawazGoCampaign||Show up at the peaceful protest infront of Lancaster house to greet our PM with respect ||,non_ironic,0,2
103,This should be fun next spring.  http://t.co/nb63wOUmKE,non_ironic,0,1
104,@JakePlank24 do you not work at the dirty bird no more?,non_ironic,0,0
105,#Ministers #criticised #over #train #deals http://t.co/IIQaJzqIXz,non_ironic,0,0
106,Makes perfect sense to get mad about something that happen 4+ years ago. ,verbal_irony_polarity_contrast,1,1
107,I just found out I have a 13th grade education: https://t.co/OujZNnuE96||I must have slept through that entire year ,non_ironic,0,2
108,Suppose I best move my arse to the #gym. Anything to put off wrapping presents üòïüéÅ #christmas #chore,non_ironic,0,0
109,I am so ready for Monday. üôÜ #sarcasm,non_ironic,0,1
110,new shoes. kinda in love with an inanimate object. http://t.co/JRqIc9QyMk,non_ironic,0,0
111,Why does my tongue feel it necessary to try and touch the high speed tool my dentist has put in my mouth?,verbal_irony_polarity_contrast,1,0
112,Xmas on the blog feat intimissimiofficial and @tweetcalzedonia * Read our story and share the LOVE... http://t.co/vp4rrfyr2K,non_ironic,0,0
113,"I never cared for Beyonce, bc I could never get a sense of who she was. Her interviews lacked depth. @AZEALIABANKS tho....this girl got IT.",non_ironic,0,0
114,"http://t.co/1izmy5gP0j nope, you do NOT fit that definition @RBRNetwork1 @JoeHilgerman @1_Free_Man @Anan_VII @ABPT_Rocket",non_ironic,0,0
115,"@normwilner Unless rogue theatres start showing it, or it gets sold online?",non_ironic,0,0
116,find ONE local PD that reported an 80% drop @RBRNetwork1 @TheOldBreed1775 @Dolphin__Man @Joseph_WarrenDR @jus1314tin @CoutoPanda,non_ironic,0,0
117,#ff By ideiasdebolosdocesedelicias. Such a different twist to the regular #frozen cakes :) We love this one! ... http://t.co/WSuhWFyhUC,non_ironic,0,1
118,I work in front of laptop for 8 hours a day and suffer terrible dry eye. #bloodshot  #eyerony,non_ironic,0,0
119,13 voice mails at work is always lovely #not,non_ironic,0,1
120,@YankeesWFAN @Ken_Rosenthal trading a SP for a defense-only SS? Brilliant trade. ,non_ironic,0,1
121,@dairymanNZ Its called  @DairyGirlNZ,non_ironic,0,0
122,The good thing about college is that you're not asked to do evens or odds or even the back page of your worksheet. ,verbal_irony_polarity_contrast,1,1
123,Oh this is back in #AdvancedWarfare XD|#JustCODThing http://t.co/qAP5SgoQnh,non_ironic,0,0
124,MB forgot to move the elf on shelf and now 10 is asking me if Christmas is real. üò•@NannyProbss,non_ironic,0,0
125,Gawd! I love 9am lectures and 4-6pm lectures. ,non_ironic,0,1
126,Sony pulled a movie bc we're scared of a country that can't even keep its lights on at night? Even motel 6 can do better than that. #Zing,verbal_irony_polarity_contrast,1,0
127,@Elena_in_Rome easiest CL group with two rubbish teams but we won only 1 CL game - even that lucky last minute pen#not good enough#gutted,non_ironic,0,0
128,#USA: Senate summary report on #CIA detention programme must  be end of story http://t.co/eFNfDOXclr # http://t.co/thk4aZ7OZE,non_ironic,0,0
129,My Com professor keeps talking about Twitter. ||Lel,non_ironic,0,0
130,"@ban_postgate though, I suspect you don't actually care about the truth, so whatever, go troll someone else ;-)",non_ironic,0,0
131,can I just own an isle far away from here where my house is stunningly beautiful with only some closed ppl who appreciates me as a human,verbal_irony_polarity_contrast,1,0
132,@LizardPatrol wow u brought down xbox live arnt you amazing  why don't you do something more productive like grow up,non_ironic,0,1
133,"Awake this early on my only day off before christmas...feeling ill banging head, bunged up, shivering... Just what I need!!!! ",non_ironic,0,1
134,Rejoice in knowing he is now in his new place...#not easy,non_ironic,0,0
135,"My dad's still gonna get me santa's gifts since it's my last year before 18, but I really don't know what to ask for... #irony",non_ironic,0,2
136,@MauriceFosso now that's just mean.  #sorrynotsorry,non_ironic,0,1
137,@EZonelectronics @Vh1Supersonic |Yo boy! You guys are know to keep the party mood going. |#EzoneGoaDiaries. http://t.co/ovsi1cyLFr,non_ironic,0,0
138,This link will be relevant in a couple of days. http://t.co/EH75woor3u,non_ironic,0,0
139,Two years later & gingerbread house making still makes me cry.,non_ironic,0,0
140,"so, sane peoples would talk to themselves in twitter because they can't find other sane humans to talk to. that  #retweet#ifagree",non_ironic,0,2
141,comparing @elasticbox to @hashicorp #atlas ...,non_ironic,0,0
142,Don't forget to join @midtown_1015 for #Steak Night tonight starting at 4pm! #nyc #food #foodie,non_ironic,0,0
143,The ones that caught me by surprise were the ones I didn't expect #duh #redundantredundant,verbal_irony_polarity_contrast,1,0
144,Last day of the working week and let's see just how bad it can get! #positive ,non_ironic,0,1
145,"@ollielocke for the #yoga people out there, this is a Down Faced Dog dinner! #MerryChristmas http://t.co/fP25vVmS0z",non_ironic,0,0
146,"@bigedh456 thanks babe, hope you have a good one too üíïüéäüéä",non_ironic,0,0
147,Erasure by Percival Everett and Pym by Mat Johnson....So there is black literature after the Black Arts Movement  #ChangetheCanon,non_ironic,0,2
148,"well now that i've listened to all of into the woods, i'm going to listen to some FOB #nosurprisethere",non_ironic,0,0
149,@SidewalkJR Not passing judgment. Been in many binds before and actually love the creativity. Vodka is a versatile liquor.,non_ironic,0,0
150,Lagopodous - Like a rabbit's foot!!|Not so easy to drop into conversation but you never know.,non_ironic,0,0
151,Cooper's been busy today  http://t.co/StCUsUTr0u,non_ironic,0,1
152,Being average will only get you average results.,verbal_irony_polarity_contrast,1,0
153,"Family time is nice and all, but I'm ready to be back at work on this fine morning. ",verbal_irony_polarity_contrast,1,1
154,#obama @DemocratWire announce special urgent package for #Pakistan .. supported by @GOP to enhance their fight against obscurantists. #NOT,non_ironic,0,3
155,#Germany -- #ECB's #Weidmann #says #German #2015 #growth #may #be #better #than #expected. http://t.co/gxFSC1mQy5 via @reuters,non_ironic,0,0
156,In need of a rose wineeüç∑üç∑,non_ironic,0,0
157,Its gonna be a loooong day..  but yolo lets have fun üòÜ ,non_ironic,0,1
158,I don't wanna hate religious people. Cos i am one of them. I'm so religious in music. #ahaa ,non_ironic,0,3
159,You are most welcome! Loved the post :D @_ladyinviolet,non_ironic,0,0
160,What a lovely day to drive #not #boo #fog #work üò≥üò≥üò≥ http://t.co/tjJkA1yhq6,non_ironic,0,1
161,@cavs THAT'S WHAT I'M TALKING ABOUT! Awesome Win CAVS!!!!!!,non_ironic,0,0
162,"@XboxSupport hello, can you give me an guess when Xbox core services will be fixed?",non_ironic,0,0
163,@Mr_laddu and if Marathi man speak hindi to Chu*** samajhte hai #irony,non_ironic,0,2
164,Cool to know I have people I can talk to when having a shit night. ,verbal_irony_polarity_contrast,1,1
165,#working.blues.enough.vacation.days http://t.co/zSTyQiRUt5,non_ironic,0,0
166,I now have ZERO resect for DeMarcus Cousins.,non_ironic,0,0
167,Pediatric Grand Rounds on statin therapy and the dyslipidemia of obesity. Breakfast on offer is 2 grand platters of donuts. ,non_ironic,0,2
168,It's always the little things that's attracts me,verbal_irony_polarity_contrast,1,0
169,Cause I love going to bed alone every night.. #not,verbal_irony_polarity_contrast,1,1
170,Hell has frozen over. Literally. #Texas2015.,non_ironic,0,0
171,day 3 : sun|but it's not sunny today ‚òÅ|#DecemberPhotoChallenge #france #sun #or  #today #day3... http://t.co/3VwAoBdXQM,non_ironic,0,0
172,@Giants ooooo touching myself to ODB he is the greatest Giants player to ever play the game... Screw that the best player ever!! ,non_ironic,0,1
173,"can the next person who wants to educate me on any point please be very bloody educates before they speak to me, getting bored now",non_ironic,0,0
174,Falling asleep to the sound of rain is so relaxing ‚òîÔ∏è,verbal_irony_polarity_contrast,1,0
175,@rioferdy5 my mum to be back with us for Xmas üéÑ,non_ironic,0,0
176,@stillfallin_ great Christmas. ,non_ironic,0,1
177,@ALL #Not #Long To Go #Before #MainStream #Media #Pitch. #Surgery #follows #with #me #using #Prototype #demonstrating #real #situation.Phil,non_ironic,0,0
178,@GazTheGooner84 oh right do you know John Parker the pisshead @ParkzTheDon,non_ironic,0,0
179,The song was 'don't cry for me Argentina' #irony,verbal_irony_polarity_contrast,1,2
180,Merry Christmas to all those soldiers out there that couldn't make it home! I love you all ‚ù§,non_ironic,0,0
181,dayumm!! chtis brown is ma maaayuun!!üòÇüòÇüòÇ http://t.co/DNgdZhBKuH,non_ironic,0,0
182,@Kennyade92 @RC1023FM there are more lawful ways the lawmakers whould av gone about gaining entrance not by breaking the law  kind of,non_ironic,0,2
183,"@BestProAdvice @IntThings More clean OR cleaner, never more cleaner ",non_ironic,0,0
184,"Just as the microphone fails: ""If we were having this conversation 100 years ago..."" @disruptivedean #WebRTC #WebRTCParis ",non_ironic,0,2
185,That was a very rememberable new years kiss üòÇüíã‚ù§Ô∏è #lovemyrelationship,non_ironic,0,0
186,Hafeez's slider is TOO much of a mess. Bowling it from 'back-of-the-palm' & that too at ~90kph require EXTENSION http://t.co/KiGLPZY876,non_ironic,0,0
187,marty posts FACTS with PROOF you? you make shit up @RBRNetwork1 @IndyEnigma @TheOldBreed1775 @jus1314tin,non_ironic,0,0
188,@ATVIAssist it's finally open XD I used a youtube video to help me :) Thanks very much ;) http://t.co/gaZvpumBcD,non_ironic,0,0
189,@superaielman @Parlett316 the upper deck definitely seemed like Philly South.,non_ironic,0,0
190,Monday morning inspiration! #sarcasm #itstruetho #donttrustnobody #iwokeuplikethis... http://t.co/DQeFbx80v5,non_ironic,0,1
191,"Woke Up , showered , made a lunch and got ready for work only to realize that I have the whole weekend off. üòÖ",verbal_irony_polarity_contrast,1,0
192,@mhairiduncan8 just trying to confuse you all üòò,non_ironic,0,0
193,Love games during the week because I don't get to go to sleep until like 1! ,verbal_irony_polarity_contrast,1,1
194,Taking Over the mansion with the Mexicans @MikeyGlander,non_ironic,0,3
195,Go go Power Rangers! #f2xmasparty  http://t.co/A8xOlFt1ub,non_ironic,0,3
196,@cllr_alambritis @Merton_Council No reply. What a surprise. ,non_ironic,0,1
197,Being used is such a great feeling...,non_ironic,0,1
198,I love waking up five minutes before I have to be at school... ,non_ironic,0,1
199,@MaggieWinter21 your last retweet though ,non_ironic,0,3
200,@cnsnews Obama and Hillary convinced Ukraine that they would protect them if they essentially disarm. Need to keep at least one promise.,non_ironic,0,0
201,@GazGShore please make me smile this Xmas.. First Xmas without my mum here. Your my fav everrr. PleaseeeeüéÑüéÅüéÅ,non_ironic,0,0
202,#Lance #Stephenson #not #traveling #with #team #on two-game #road #trip: Stephenson is still unable to run fully... http://t.co/Jbb0PJtWJy,non_ironic,0,0
203,"'#Do  #Fear #to #be #Eccentric #in #Opinion,  #for #Every #Opinion #now #Accepted #was #Once #Eccentric.' by Bertrand Russell",verbal_irony_polarity_contrast,1,0
204,@AndrewDBailey Tough crowd. Josh Smith was tremendous tonight.,non_ironic,0,0
205,"1 bed flat #ToLet ¬£550 pcm (¬£127 pw)|Humphrey Middlemore Drive, Harborne, #Birmingham B17|http://t.co/QHYcB5zKEv",non_ironic,0,0
206,http://t.co/cbS3YfyKGw #Not so Ugly Christmas Sweater red with red snowflakes & sequins cardigan 1X XL http://t.co/Cy19OKfojm,non_ironic,0,0
207,@SurianibteAbu if it got the attention of the smartass to comment that.. Didnt it work anyway?? #irony,non_ironic,0,3
208,has anyone visualised the different colours and flavours of twitter streams? kinda lipmus test.,verbal_irony_polarity_contrast,1,0
209,Florida authorities say 1 police officer shot and killed http://t.co/DjcjLrbeRw #Florida #TarponSprings #TampaBay,non_ironic,0,0
210,"@lucasharriss_ Ok, hope it will rain soon  üòñ",non_ironic,0,1
211,@DeformedCircus I guess not. Stop insulting me.,non_ironic,0,0
212,I can see it in your eyes.. #Kingofpop #mjackson #michaeljackson #invicible #breakofdawn #king #is  #dead üíú... http://t.co/FCepZG7UUr,non_ironic,0,0
213,@ClayTravisBGID One could hope. ,non_ironic,0,1
214,We hold these kids back.....  #RUT340,non_ironic,0,3
215,How to Find a Life Coach (& the questions you need to ask before hiring one) http://t.co/8qgrXywmNe via> @DrGaryWood,non_ironic,0,0
216,Taking the bike through rainy and cold dark streets to the dentist. Yaaaay. #Somuchfun ,non_ironic,0,1
217,Quizfreak http://t.co/Xh84TdHpoc #proud #Brummie over here xxx,non_ironic,0,0
218,YOU blame him for everything else @RBRNetwork1 @1_Free_Man @TheLexZane @Anan_VII @ABPT_Rocket @DrPenisWrinkle @kusun0,non_ironic,0,0
219,@TonyRohrs they've spread their positions off with long feeder cattle! #sarcasm,non_ironic,0,0
220,Ppl make blanket statements about a whole race as a defense that they are sick of hearing about race ,verbal_irony_polarity_contrast,1,2
221,Ohhh the joy of getting pulled over üíö  http://t.co/13fB4tnEi4,non_ironic,0,1
222,Would like to thank my nephew for giving me his horrible cold & sore throat etc.. Much appreciated! ,non_ironic,0,1
223,#mondaymorning pouring rain and i am singing 'the most wonderful time of the year' as i walk to the office ,verbal_irony_polarity_contrast,1,2
224,I'm ready for @kongosmusic's first headlining tour of North America! Tickets/info at http://t.co/Nyq2fYa8kI #lunatic2015,non_ironic,0,0
225,Fully charged my #Anker portable charger...it lasted 1/2 an hour.  Awesome #Fail,non_ironic,0,1
226,MT Darth Vader is polling higher than all potential 2016 US presidential candidates http://t.co/Kuv3dp8pZm|Are you surprised? ,non_ironic,0,1
227,@JenWilliamsMEN @PolicyGMCVO he captures the spirit of devolution so well ,non_ironic,0,1
228,Wow I'm seriously dying here üôàüôà,verbal_irony_polarity_contrast,1,0
229,@ChainAttackJay No sugar during christmas time? :(,non_ironic,0,0
230,"@UoCDisSupp @DuchenneNow @ActionDuchenne @Duchenne_Heroes I'm off to visit great-nephew very ill, only 20  fair",non_ironic,0,0
231,You are taking your responsibilities so seriously today that i... More for Leo http://t.co/HJ6TebH4o6,non_ironic,0,0
232,"@COD_WATP he offered it but he made it sure the board refused double 16m in October, all in Rangers interest ",non_ironic,0,1
233,#Israel #freezes #funds to #Palestinians #over #ICC #approach. http://t.co/kYY2bOdfs3 via @reuters,non_ironic,0,0
234,Caribbean girls anthem Caribbean Girls by Stainless MOB now in stores online http://t.co/gSMHCTKPvV #IYON #Dancehall,non_ironic,0,0
235,Rocking the Christmas socks at work. It's the little things like this that make me happy. #essentialservice üéÖüéÑ http://t.co/E5jqetthIt,non_ironic,0,0
236,im in some place where the word 'job' means stealing,verbal_irony_polarity_contrast,1,0
237,http://t.co/PfJ92w4CwZ #TeenAnalCasting #Top Top 50 Christian Songs For 2012,non_ironic,0,0
238,"To all those who held back in #2014 start again in #2015 as.. ""@SanFranciscoVC: It's never too late to start! http://t.co/01ziUH8myE""",non_ironic,0,0
239,Ideology in a nutshell - the meaning of life in a sentence for every perspective. http://t.co/M6GIHxEHe8,non_ironic,0,0
240,That moment when you want to break someones fingersüò°üò°üò°üò°üò°,non_ironic,0,0
241,@baltimoresun Hate it. Go back to the old format please.,non_ironic,0,0
242,I'm shocked that Mark May doesn't think the Buckeyes should be in the playoff!!! #Sarcasm,non_ironic,0,1
243,I wish a mf would üëäüëä| my day!,non_ironic,0,0
244,Just got the message I need to start working at another location. Brilliant!  now rushing towards second location. Oh god I hate Mondays,verbal_irony_polarity_contrast,1,1
245,"The excitement for #EVC14. |Follow @EVC_India, answer simple questions and win passes for the gig. |#GetEnchanted http://t.co/neaZKoIv7t",non_ironic,0,0
246,"But not a grocery store or pharmacy. Sensible.  ""@GRPress: Offices or apartments? owners of Monroe Avenue factory ponder options""",verbal_irony_polarity_contrast,1,1
247,Interesting stats. PO's are good! The bad apples ruin it for all.|http://t.co/bqIn0clXjc #tcot #Ferguson #EricGarner,non_ironic,0,0
248,When you're in the doctors waiting room and hear a baby in the back screaming her lungs out is always a reassuring feeling #not,verbal_irony_polarity_contrast,1,1
249,50km into the #Rapha #festive500 and we stop off for a Coffee#1... Toes are coming back to life @willbmx,non_ironic,0,0
250,Just a @ScienceDaily article re: a robot arm you can control with your mind. Meh. Nothing huge. #sarcasm #science http://t.co/AK4bAorhBc,non_ironic,0,1
251,"Kevin Durant with 23pts on 8-13 shooting, has this nigga been inefficient since he came. ",non_ironic,0,1
252,|Jihadi killers in #Ottawa #Sidney & #Peshawar are rogue acts while|FratBoy UVa Rapists are symbolic of deeper societal flaws...|#tcot,non_ironic,0,2
253,"I was doing great with this summary of my year until I got to June 27th, and the weekend of @Hartswormx3 's birthday. #rivertrip #groupchat",non_ironic,0,0
254,Insanity is doing the same thing twice and expecting different results,verbal_irony_polarity_contrast,1,0
255,Sitting around listening to sad music really helps the depression. ,non_ironic,0,1
256,HAHAHAHA!! Oops.......I'm addicted to @OneMoreJoke Tweets sooo FUNNY! You Got to follow him for #HILARIOUS #SARCASM #tweets #RT.,non_ironic,0,0
257,@PeteKopite the lineup is full of goals and offensive intention #LFC ,non_ironic,0,1
258,"I think my friend just sent @FrankieBallard a snapchat of me drinkin water, cuz she's fun like that #sarcasm #rehydratewhenyadehydrate #brat",non_ironic,0,1
259,"Christmas Day,Boxing Day and New years day off just isn't enough! So much to do for me & others this month  #enough #hours #in #the #day",verbal_irony_polarity_contrast,1,0
260, is just #one of the many services I offer to #people who ask #stupid questions.,verbal_irony_polarity_contrast,1,0
261,way to prove that women are more than just breasts & an ass...  üòí,non_ironic,0,1
262,Pretty sure I just sat behind @sorensensci in the McDonald's drive through and peeked to see movie what was playing üòÇ,non_ironic,0,0
263,@craigcalcaterra Let me put my bet in with whoever would take action on such a thing... I'd think Oliva & Howsam should be easy.,non_ironic,0,0
264,@TyQuorshaaa: Jackie Just Had the Best Joke I've Heard In Awhile| üòÇüò©üôàüôàüôà,non_ironic,0,1
265,@94irwinjb I'm so persuasive lol ,non_ironic,0,1
266,"@NoFlyDawn @daibyday This sounds high, but is safe for short term use. It dramatically increases antimicrobial peptides in the blood.",non_ironic,0,0
267,"Now that i can seem to afford good things, material things in life...its the simple things that i need and really want... of my life",non_ironic,0,2
268,#we are #not #perfect but it is #neccesary for #us to #be the #best # version of #ourselves http://t.co/3IO7qLK0lr,non_ironic,0,0
269,Fav part abt Xmas day..getting merry Xmas tweets from ppl who NEVER talk to me #kys #idontcare ,non_ironic,0,1
270,The whole world can never get me on my level ,verbal_irony_polarity_contrast,1,1
271,"My whole life is just ""oh ok"".",verbal_irony_polarity_contrast,1,0
272,"@ABitOfBlossom @DVATW @LBC For having union representation for decades, teachers' pay still sucks and is shorted by dues. ",non_ironic,0,1
273,So I'm the school nurse today. And I have a fever. #irony,non_ironic,0,2
274,@therealchris831 like a group of unsuccessful idiots who can't even manage to scrounge up a quarter? That's pretty cool I guess Chris ,non_ironic,0,1
275,#Work#Trains#TheGrind#London#Business#MyHappyFace http://t.co/fdE2iQpuQz,non_ironic,0,1
276,Pre work shenanigans lmbo alissamarie_b #letswork  #kiddingnotkidding #funtimes #sheseriouslyrocks http://t.co/wht23Idawu,non_ironic,0,3
277,@ciara848 @clairepear24 @UberFacts but would you be willing to purchase from a vending machine?,non_ironic,0,0
278,Session at the local #1stPhoto #rektek #bmx #lookMamNoHands  #flying #fallingWithStyle http://t.co/TCx5cO9uPx,non_ironic,0,0
279,@nfullers98 I liked .. Don't regret anything that made you smile... Ha ha,non_ironic,0,0
280,Easiest final of my life. So glad I studied 11 hours for it ,non_ironic,0,1
281,morelikes_app #necklace #sweet #you #running #inlove #iphoneonly #igers #russia  #sm... http://t.co/gjXGctg7dv http://t.co/F5v62iOT02,non_ironic,0,0
282,Went neck deep in a swamp today so that was fun  #chilly,non_ironic,0,1
283,Picked an excellent day to get my hair done üòí #sarcasm,non_ironic,0,1
284,group message with bbc to start off my morning thanks Hannah :-) ,non_ironic,0,1
285,Can't say no to that @mikebrown_15 try now. Lets go @QuinsRugbyUnion we can do this #COYQ,non_ironic,0,0
286,"This has nothing to do with anything at all, but I hate the word ""fleek"". It sounds like something I'd name my Neopet.",verbal_irony_polarity_contrast,1,0
287,I love hearing people's explanations about the dating world in America in the library while I am studying ,verbal_irony_polarity_contrast,1,1
288,"@aleciamarie21 @DonnieWahlberg is it bad that after my ""happy Preds won"" üéâ dance my first thought was Donnie?! üòÅüôä",non_ironic,0,0
289,BBC News - 'Skywalker' passport cancelled because it was 'frivolous' #trademarks  http://t.co/chTEamOZcC,non_ironic,0,1
290,"Sony Studio Bosses To Employees: Don't Worry, We'll Be Fine http://t.co/YVvoiiwxTu I know I'd feel better.  http://t.co/usu8Tlmo25",non_ironic,0,1
291,"@RichardCarter Thanks, that'll help loads ",non_ironic,0,1
292,How do I make more money now in my business? Loral Langemeire's best seller The Millionaire Maker. Get your copy http://t.co/xzP6UjI8va,non_ironic,0,0
293,"Secret Santa for one of my er...""hotter""  work colleagues.. http://t.co/Ellk2A0pfh",non_ironic,0,1
294,My solo costume so far is Charcoal Grey Bottoms.... making some real progress. ,non_ironic,0,1
295,How Badly Do You Need That Burrito? (That's sounds naughty) http://t.co/U3YojBgmRQ #burrito ,non_ironic,0,0
296,it was  RT @bobthegreatooo @mikewickett how is that a spoiler alert?  Haven't so called 'experts' predicted him as being the winner?,non_ironic,0,0
297,I only bought a few people gifts this year üò≥üò≥üò≥üò≥  http://t.co/dCNW7tTApn,non_ironic,0,1
298,What a golden morning. üòí #not,non_ironic,0,1
299,@RushOrderTees THX4FLW! FLWtheMUSIC @ElektrikEventz @ElektrikMetro WE R #ElektrikBLOOM #ElektrikFANTASY #iwant2DRIFT #Elev8TheUnderground!,non_ironic,0,0
300,Oh this will end well.  RT @JonathanCohn: Military-Style Tech Finds Way Into School District Safety Measures http://t.co/uGFWTCZlVK,non_ironic,0,1
301,Sure Staff... Now Hiring.  http://t.co/HDgfxG7elF,non_ironic,0,2
302,"If BJPee hv balls ,do dare to lift ristrictions 2mro ahead of Modi's #Kashmir visit,Kashmiris wl show u how much thy love #Modi.|",non_ironic,0,1
303,First day of Christmas shopping tomorrow. Can not wait. ,non_ironic,0,1
304,"@georgenickss happy birthday young one, have a gooden lad!x",non_ironic,0,0
305,Check out my latest blog post on MyFairDaily: Pins That Really Work!!! http://t.co/6e4lh0Wjjj #lbloggers #lifestyle #pinterest #triedandtrue,non_ironic,0,0
306,Fucked up.  in the mood at all,non_ironic,0,0
307,@cozmando He'd be a perfect fit... or Beachy/Medlen.,non_ironic,0,0
308,@gayingmorality tis the season for unwanted gifts!,non_ironic,0,0
309,My future? I still enjoy it (playing football) too much and I play with passion -Totti......oh no the team is doomed..... #asroma ,non_ironic,0,1
310,In other news i havent had a good nights sleep in a week. I feel great. ,non_ironic,0,1
311,One of many reasons I dislike #Alabama fans. #auburn #RollTide #myass #jakellmitchell http://t.co/ntk85ngOeG,non_ironic,0,0
312,"@PCArsenault @NoFlyDawn YES! I do this all the time. It's such an easy thing to do, I don't why this isn't common knowledge.",non_ironic,0,0
313,@RealGilbert I just did it. What's the prize?,non_ironic,0,0
314,Stuck in traffic!!! ‚òîÔ∏è‚ö°Ô∏è #mondays #athensbyrain #traffic #ontheroad #ontime?  #sisters #COOLURSTYLE... http://t.co/IqCcPYFXIt,non_ironic,0,0
315,"YOU are violent, it shows in your tweets @RBRNetwork1 @JoeHilgerman @Anan_VII @1_Free_Man @ABPT_Rocket",non_ironic,0,0
316,Mondays are fine. It's your life that sucks.||It's the first day of class and you see that ... Ugh? Face?|#UrsulaOnAMonday|#wow ,non_ironic,0,1
317,Love watching #latenightfilms. Enjoyed #MockingjayPart1 @cineworld #didsbury. Ta @sophie_louise24. #Grateful to have such a #goodfriend.,non_ironic,0,0
318,"I'm heading off, but need to say this! ""Just because I am concerned for my country, and it's people-Does #NOT make me a racist! #Terrorists",verbal_irony_polarity_contrast,1,0
319,I'm absolutely positive that Coaches love it when parents tell them how to coach and run their program. #sarcasm #NOT #sticktoparenting,non_ironic,0,1
320,Buffalo sports media is smarter than all of us. Where else can you get the quality insight offered by Harrington and Busgaglia. ,non_ironic,0,1
321,Heaven help the fool who did her wrong,verbal_irony_polarity_contrast,1,0
322,#BBC #News -- #Denmark #challenges #Russia and #Canada #over #North #Pole. http://t.co/toAn6TGXcl,non_ironic,0,0
323,Tomorrow will be a great day...,non_ironic,0,1
324,"Been the problem, actually. RT @OBtoojiveforyou: @WashWizards tough road trip. cant win em all but coaching has not been strong.",non_ironic,0,0
325,there are things we are made to go through  to harm us but to given us a lesson to teach to someone weaker,verbal_irony_polarity_contrast,1,0
326,Difficult And Happy in life should be enjoyed. Because Life Comes Just Once. So He Went. So He Will Not Be Back. || so ez,non_ironic,0,0
327,Finals are over! Stress free. |Cant wait!!!‚úàÔ∏è‚ù§Ô∏èüéÑ,non_ironic,0,0
328,The fucking car just gave up..! #car #died #not-happy,non_ironic,0,0
329,I can be mad at you for a matter of 15 min then I can't stand not talking to you.,verbal_irony_polarity_contrast,1,0
330,"Azealia Banks call Iggy ""Igloo Australian""...WOOOW an incredible rapper diss another one ",non_ironic,0,1
331,@playstation @sony #not #working when are we able to download games we paid in good faith? #psn start working again? http://t.co/MVSikoFvBl,non_ironic,0,0
332,#marleyandme RT @alexspeier: Sources tell @bradfo and me that Dodgers are showing serious interest in Jon Lester.,non_ironic,0,0
333,They have  #been seen www.MonsterMMORPG. com since. gist by #MonsterMMORPG #darumaka,non_ironic,0,0
334,@adooley3544 is so funny rnüòÖ ,non_ironic,0,1
335,Why does sue give bonnie anxiety and stress pills ,verbal_irony_polarity_contrast,1,3
336,@kmrheadlines: Electricity generated in Kashmir can illuminate whole India: PM but it's only not illuminating #Kashmir ,non_ironic,0,2
337,Two hour drive this morning with the instructor.  Oh yes..  #scaredshitless #yikes,non_ironic,0,1
338,Don't #text and #drive either. http://t.co/OXybfwwWb6 http://t.co/fgOCRS5kre http://t.co/fBpsjk6yyk,non_ironic,0,0
339,"@lnritter_ That was the case, not the recording.So comparing the two is apple & oranges.",non_ironic,0,0
340,Gah! Desperately trying to bust this cold!,verbal_irony_polarity_contrast,1,0
341,Name an #excuse that people use #NOT to #workout ... http://t.co/tE75PwPGbm,non_ironic,0,0
342,Love it when your typing at work and a spider comes out from the keyboard and hangs out between your fingers...  üôà,non_ironic,0,1
343,Is holding not a rule anymore?,verbal_irony_polarity_contrast,1,0
344,@nyormnyorm @iamedem Nice but  original,non_ironic,0,0
345,Today is just not my day üòî,verbal_irony_polarity_contrast,1,0
346,Solid leg day üí™ felt great and hit my max for 2. Can't wait to squat 315!,non_ironic,0,0
347,"Committed to you, your privacy and an open Web|Please turn on JavaScript to display this page correctly. ||Firefox homepage ",non_ironic,0,1
348,Perfect way to start off my morning ,verbal_irony_polarity_contrast,1,1
349,#page#found#404 http://t.co/rIfWvIm8K5,non_ironic,0,0
350,@BillfromBendigo I'll just wait here :) :) :),non_ironic,0,0
351,#But #Buy #Couch #Enveloppe #If #Its  #HomeDecor|Please RT: http://t.co/pnQT7ajj5m http://t.co/StTpKf4qAS,non_ironic,0,0
352,Good morning all!||@LivingQWales @RightSurveyors @VTUK @JewelleryWeb @jbboats @shaunesden @cwconclub |http://t.co/nJ1iOYg5Ex,non_ironic,0,0
353,Today should be fun ,verbal_irony_polarity_contrast,1,1
354,TNT replaying the Cavs-Knicks game...maybe the knicks will win this time ,non_ironic,0,1
355,@JhaSanjay Those who failed to develop hair on their bald hear are talking abr development ,non_ironic,0,2
356,We live in such a small world these days - the #LAFire is a story at the end of the Australian news @ABCNews24,non_ironic,0,0
357,I love waking up out of a dead sleep to two firetrucks blaring past my window  üò¥üöíüöë,non_ironic,0,1
358,#SocialMedia Where it's perfectly normal to talk to people in pictures ! ,verbal_irony_polarity_contrast,1,1
359,@CeciAlbiceleste @MarinaOLoughlin #apologies *scoffs humble pie*,non_ironic,0,0
360,hope  better#hope#tokyo by nic_kill http://t.co/siH8czvVGw http://t.co/6RDIxdNATI,non_ironic,0,0
361,I bet I'm the first to use that one ,verbal_irony_polarity_contrast,1,3
362,"Thank you to all of the lovely people who come to work sick, or come to eat sick.. I appreciate your germs... ",non_ironic,0,1
363,Tomorrow is the day I'm coming back to Florida for good .... :(  unless something changes in  the next 24hrs which I doubt   #ready,verbal_irony_polarity_contrast,1,0
364,Can't wait to see all the ig pics of people bragging about what they got  #noonegivesafuck,non_ironic,0,1
365,"@Fox5Wagner: In fight over overtime for Firefighters, DC viewed ruling from control board as permanent"" but appeals court says no."" #fb",non_ironic,0,0
366,Bridal#jewels#exciting range#hand made#high quality jewellery on the high street#bespoke#custom http://t.co/fzhWTNzaf4,non_ironic,0,0
367,Marvin Lewis clearly thinks very highly of Johnny Football  #norespect @amicsta,non_ironic,0,1
368,Yups sarcasm and wine!  #winelover  üòäüíÅ http://t.co/ZKJ58DKjtE,non_ironic,0,0
369,"@SteveMcKrosky @imbalaska @DaveMyFace @Clover_Joy_ @den2114 @MeyrickHarris ""left regressives"" is that not a label #irony",non_ironic,0,3
370,save your work folks. i'm offically cntrl-alt-deleting this week.,non_ironic,0,0
371,Welcome to twitter @orafa2 myself n @SlimDandyMUFC r at ur service as ur twitter coaches ,non_ironic,0,1
372,3rdeye Brand Has Designed The Accessory For Your Easy To Carry And Comfortable http://t.co/tvkHUmWaGZ,non_ironic,0,0
373,"@YodelOnline Hi! I have just received a photo of my dear parcel from China, amazing he is travelling around the world!! ",non_ironic,0,1
374,Gutted Doyle has gone back to #wwfc. I don't think we saw what he's capable of. #cpfc ,non_ironic,0,1
375,to have a highway clean up section of highway. people expressed their freedom of speech @Steven_Swenson @ZombieTacTeam @Anan_VII,non_ironic,0,0
376,Off to bed can't wait to feel this hangover. |,non_ironic,0,1
377,love being able to be comfortable in my own roomüòÉüëç ,verbal_irony_polarity_contrast,1,1
378,Halfway thorough my workday ... Woooo ,non_ironic,0,1
379,"Still wondering why the pop-up ""save password"" still pops up even when you do not tick ""keep logged in"". -Sarcastic",non_ironic,0,0
380,Gee faculty at nicholls are so helpful ,non_ironic,0,1
381,"Is there a ""like"" tab on me? I'm not a facebook status to be liked by people... #sarcasm #RudeButTrue",non_ironic,0,3
382,@TravisRodgers Christmas as an adult with broken family. Just awesome. Nothing like your stepsister with 9 kids.. ,non_ironic,0,1
383,"Dear #USPS, if it has this address, it comes here. No matter the name. If there's a mistake, we'll fix it. #ThanksForTheAnnoyingNote ",non_ironic,0,3
384,"@NotTheCubsWay @DrCubColclasure As a Red Sox follower, I can vouch for Gomes as a clubhouse leader. Such a fun teammate.",non_ironic,0,0
385,@sammiecurtis_ me and you are the only ones that love it üòÜüéÖüéâüé∂,non_ironic,0,0
386,Fleury with 5 shut outs so far on the season. He's still not good though ,non_ironic,0,2
387,Thanks Mother nature.. You didn't give us as snow day and now my twitter is filled with people complaining ,non_ironic,0,1
388, dead? Why is this stupidest of memes still perpetuated?,non_ironic,0,3
389,#Laundrymatfun#LOL#YesIsaidNOT#spincycle#youspinmeround#recordplayer#thatsmykid#80smusic#teachingth http://t.co/jhIjrzRGl9,non_ironic,0,3
390,@twitter Please follow me. I have a technical question. Thanks.,non_ironic,0,0
391,"@ADavies_10: @arnie_4 great seing u mate, thanks for the cheap shot üòâ safe trip back üçªüçª||Dry train why we lost üòÇüòÇüòÇüòÇüòÇ ",non_ironic,0,1
392,How much more stupid can people get..? http://t.co/3ucNqeRUdS,non_ironic,0,0
393,So Aaron sorkin goes on @todayshow  to talk about not liking the media talking about Sony hack? Using media to bitch about media? ,non_ironic,0,2
394,Cool. ,verbal_irony_polarity_contrast,1,1
395,Still feeling sorry for myself about being to ill to go out last night!!! üò≠üò¢ here's my memories from... http://t.co/I3fIk1k6ek,non_ironic,0,0
396,Yay its fucking Monday life is so perfect and magical I love everything ,non_ironic,0,1
397,Women getting hit on by married managers at @ChickfilA cracks me up  #Hypocrites #practicewhatyoupreach,non_ironic,0,2
398,Kiwi Heineken? - Drinking a Steinlager Pure by New Zealand Breweries Limited @ Raglan Golf Club -- http://t.co/SUz3FBfxlK #photo,non_ironic,0,0
399,It is good that very few businesses/govts in EM economies have borrowed much via dollar-denominated loans from international banks. #Sarcasm,non_ironic,0,3
400,"Close to white folks, I am forced to witness firsthand their willful ignorance about the impact of race and racism.-Bell Hooks #Ferguson",verbal_irony_polarity_contrast,1,0
401,I just wrote a 13 page paper... I was awfully tired when I was writing it and now I can't sleep. #irony,non_ironic,0,2
402,It has #not #been #seen www.MonsterMMORPG. com since. progoneate follow @MonsterMMORPG #mariland http://t.co/Mq4r8Kbgb1,non_ironic,0,0
403,"@Lloydgallagher3 no im not mate, yea good pretty much there so shud b gd nxt week bit sore to kneel down still and twinges sumtimes but ok",non_ironic,0,0
404,Are you excited for the new #Blackberry #Classic #smartphone? Check out this article by @engadget: http://t.co/k4FId6DpR4,non_ironic,0,0
405,Sometimes it's #not about being #Cocky.. üòèüòº It's abt knowing what ur #Capable of & #doing it...... http://t.co/jmWKGojRNp,non_ironic,0,0
406,@muellnerpaul @jamieyuccas @KimJohnsonWCCO @KylieBearseWX don't forget @Ali_Lucia and @AshleyRobertsTV (they're as smart & kind as lovely),non_ironic,0,0
407,My #Christmas ritual...part one. #HowTheGrinchStoleChristmas http://t.co/yIJ6tiHmsM,non_ironic,0,0
408,#Sports -- #Carrick #replaces #Fletcher as #Man #United #vice-#captain. http://t.co/vTYg68Kggy via @reuters,non_ironic,0,0
409,@cringetalk @geob157 ^^^^ IMAGINE THAT? Never would have guessed ,non_ironic,0,1
410,idk what I love more how cold my western civ class is or western civ. ,verbal_irony_polarity_contrast,1,1
411,I won't be surprised if shelling across pak border intensifies during Delhi Elections to change issues of election's. http://t.co/Ohgg9jQ6hJ,non_ironic,0,0
412,SmartPhone APP PAYS you!|see- http://t.co/Q2WB7riAvK||#Sprint #Verizon #folloback #tcot|Go 2: https://t.co/cpJZkEgNe7 http://t.co/pbleX7OWEX,non_ironic,0,0
413,Indian Urdu Daily Advocates Murdering Apostates After Extremist Hindu Groups Convert Muslims: The First... http://t.co/nASWVjnLZe,non_ironic,0,0
414,"I'm so glad that Jonathan Stewart had to have, his best game in 5 yrs against me in fantasy fb playoffs.....  #imout",non_ironic,0,1
415,@manicsue: You want to see something Irish!!Of all the reasons to be closed üòÇüòÇüòÇ http://t.co/ePyGvA9pwU #irony,non_ironic,0,3
416,"@JonathanTopaz @politico Good points, but Republican party can be just as fractured. Together that makes for a disenchanted electorate.",non_ironic,0,0
417,Obviously my day is going to go fantastically well ,verbal_irony_polarity_contrast,1,1
418,I feel like crap today. So instead of Redbull I'm drinking something healthy. #NewYearNewMe  #TotallyStillGoingToDrinkTheRedbull,non_ironic,0,1
419,"Just bartered for a bottle of rum in best one, and got it down from ¬£18 to ¬£14. Happy Fucking New Year to me!!",non_ironic,0,0
420,Hungry and hungover  #a  #good #day,non_ironic,0,0
421,@FoxNews Ask a liberal and he will tell you Obama got us out of Iraq and won the Afghan war...and no one ever died under his watch.,non_ironic,0,0
422,thankful our stat teacher is dropping the lowest quiz @cupofjavi #lifesaved ,verbal_irony_polarity_contrast,1,1
423,I can't wait to jump in my bed tonight and sleep!üò¥ #sotired,verbal_irony_polarity_contrast,1,0
424,Waking up with your cat attacking your hand is always delightful..... #not,non_ironic,0,1
425,Shitty drivers are always fun. #not,non_ironic,0,1
426,So excited for the Christmas party with the snobby side of my fammm ,verbal_irony_polarity_contrast,1,1
427,Who told the #hipsters that #irony was a thing of the Clinton years? Do they not carry history books in used bookstores in #brooklyn ?,non_ironic,0,3
428,If someone could come give me a massage that would be gr8,non_ironic,0,0
429,"tried to export an azure vm, well that went ok #sarcasm #vmcorrupt #thankyoumicrosoft #startalloveragain",non_ironic,0,1
430,Greek salad and I are lovers. That is all.,non_ironic,0,0
431,What do you all think of that Salt-N-Pepa Geico commercial? I think it's pretty terrible.,non_ironic,0,0
432,What a great Christmas. üòÖ #not,non_ironic,0,1
433,Listened to Gimme Shelter while driving in the rainüòÇ ,non_ironic,0,2
434,@vincent_h3 At 2:30am? Who's gonna favourite it? An owl?,verbal_irony_polarity_contrast,1,0
435,"They decided 2 change King's trunks 2 gold, his logos 2 green & his tights to blue. How creative. .",non_ironic,0,1
436,@BarackObama So that is what happened the ACORN voter fraud people.,non_ironic,0,0
437,of course the day that it's a monsoon outside i have classes on and off from 10 AM to 8 PM #ilovelife ,non_ironic,0,1
438,"Christmas shopping take 2, the weekends attempt was a waste of time so lets try again #CantWait ",non_ironic,0,1
439,I find this farrrrr too funny üòÇüòÇ #wow #can #u  http://t.co/4Ah4SUyDlW,non_ironic,0,0
440,@kimoen_peter  ___ I love that Song <3,non_ironic,0,0
441,@CraziestSex: Stay faithful or stay single,non_ironic,0,0
442,It's too early to be awake! üòñ,verbal_irony_polarity_contrast,1,0
443,My prayers have been answered WE OUT,verbal_irony_polarity_contrast,1,0
444,When I start singing songs from Once More With Feeling to myself while at work... #Buffymusical #stuckinmyhead,non_ironic,0,0
445,America released the Cuban spies to get Cuba to release the American spy who caught those Cuban spies. ,non_ironic,0,2
446,"It's hot, it's humid & you're wearing uggs. Wow. Nice style! ",non_ironic,0,1
447,The  of how worst films become must see #films: http://t.co/rNJ4tl6syj,non_ironic,0,2
448,@MericaMcFreedom @Salon Because Bill makes too much money making speeches now and he's so honest :) ,non_ironic,0,1
449,"Don't think for a second I'm out to drown your memory, you ain't worth the whiskey",non_ironic,0,0
450,@banditelli But still bothers me that I see now follow up report.,non_ironic,0,0
451,@DotunAkin_ to finally win the champs league.. No teams are that good this year and we've got a solid draw  #banter #stillgoingout,non_ironic,0,1
452,Had no sleep and have got school now  happyüò°,non_ironic,0,0
453,Who ever thought moving in the middle of December would be so peaceful? ,verbal_irony_polarity_contrast,1,2
454,Such a good lie in ,verbal_irony_polarity_contrast,1,1
455,@Tbose_BestT   People who are drinking and driving  now please,non_ironic,0,0
456,then that means it HAS to be square to him @kevinlicklider @TimOwensby @RBRNetwork1 @IndyEnigma @CalFreedomMom,non_ironic,0,0
457,Currently writing about how I plan to stop procrastinating after leaving the paper untouched all day ,non_ironic,0,2
458,"@Devin_Heroux @CBCEyeopener @downtowncalgary was STUNNING today, wasn't it?",non_ironic,0,0
459,"Oh materialism, how I've missed you. ",non_ironic,0,1
460,3 episodes left I'm dying over here,non_ironic,0,0
461,Shakespeare is great  üôÖüî´,non_ironic,0,1
